event_type,unique_users,order,dropoff_pct
view,99645,0,0.0
cart,16701,1,83.2395002258016
purchase,11698,2,88.26032415073512
